wavelength_nm,aw_m-1,bbw_m-1
400,0.00222,0.003295891595
401,0.002295,0.003260566498
402,0.00237,0.003225718731
403,0.002425,0.003191340468
404,0.00248,0.003157424037
405,0.002525,0.003123961911
406,0.00257,0.003090946711
407,0.00258,0.003058371198
408,0.00259,0.003026228271
409,0.002625,0.002994510964
410,0.00266,0.002963212445
411,0.002685,0.002932326011
412,0.00271,0.002901845085
413,0.002755,0.002871763214
414,0.0028,0.002842074066
415,0.00284,0.002812771429
416,0.00288,0.002783849204
417,0.00294,0.002755301409
418,0.003,0.00272712217
419,0.00306,0.002699305724
420,0.00312,0.002671846413
421,0.00317,0.002644738682
422,0.00322,0.002617977081
423,0.003265,0.002591556257
424,0.00331,0.002565470956
425,0.003375,0.002539716017
426,0.00344,0.002514286377
427,0.00351,0.00248917706
428,0.00358,0.002464383183
429,0.00367,0.002439899949
430,0.00376,0.002415722648
431,0.003855,0.002391846652
432,0.00395,0.002368267417
433,0.00406,0.002344980482
434,0.00417,0.00232198146
435,0.004295,0.002299266047
436,0.00442,0.00227683001
437,0.00461,0.002254669194
438,0.0048,0.002232779514
439,0.00501,0.002211156959
440,0.00522,0.002189797586
441,0.00548,0.00216869752
442,0.00574,0.002147852957
443,0.006,0.002127260154
444,0.00626,0.002106915435
445,0.006585,0.002086815187
446,0.00691,0.002066955858
447,0.007220605,0.002047333958
448,0.00753121,0.002027946057
449,0.00775083,0.002008788781
450,0.00797045,0.001989858814
451,0.00817545,0.001971152898
452,0.00838045,0.001952667828
453,0.0085205025,0.001934400453
454,0.008660555,0.001916347677
455,0.0086647025,0.001898506452
456,0.00866885,0.001880873785
457,0.008750075,0.00186344673
458,0.0088313,0.001846222391
459,0.0089459675,0.00182919792
460,0.009060635,0.001812370516
461,0.009182595,0.001795737424
462,0.009304555,0.001779295935
463,0.0093882525,0.001763043383
464,0.00947195,0.001746977146
465,0.009694325,0.001731094646
466,0.0099167,0.001715393346
467,0.0099845,0.00169987075
468,0.0100523,0.001684524403
469,0.010174988,0.00166935189
470,0.010297676,0.001654350833
471,0.010473758375,0.001639518894
472,0.01064984075,0.001624853772
473,0.010792195375,0.001610353202
474,0.01093455,0.001596014957
475,0.011192625,0.001581836845
476,0.0114507,0.001567816706
477,0.011612835,0.001553952417
478,0.01177497,0.001540241889
479,0.011993535,0.001526683063
480,0.0122121,0.001513273915
481,0.012345775,0.001500012452
482,0.01247945,0.001486896712
483,0.01261225,0.001473924763
484,0.01274505,0.001461094704
485,0.0129561,0.001448404663
486,0.01316715,0.001435852798
487,0.013611375,0.001423437294
488,0.0140556,0.001411156364
489,0.01430085,0.001399008251
490,0.0145461,0.001386991221
491,0.01497215,0.00137510357
492,0.0153982,0.001363343619
493,0.01594778,0.001351709712
494,0.01649736,0.001340200223
495,0.017061105,0.001328813547
496,0.01762485,0.001317548104
497,0.0184527325,0.001306402339
498,0.019280615,0.00129537472
499,0.0199491325,0.001284463736
500,0.02061765,0.001273667901
501,0.021496775,0.001262985751
502,0.0223759,0.001252415843
503,0.0233200425,0.001241956757
504,0.024264185,0.001231607091
505,0.0255517175,0.001221365467
506,0.02683925,0.001211230526
507,0.0283546,0.001201200928
508,0.02986995,0.001191275356
509,0.031414325,0.001181452509
510,0.0329587,0.001171731106
511,0.034669325,0.001162109885
512,0.03637995,0.001152587603
513,0.03769565,0.001143163035
514,0.03901135,0.001133834973
515,0.040055675,0.001124602226
516,0.0411,0.001115463622
517,0.04129025,0.001106418004
518,0.0414805,0.001097464233
519,0.0418905,0.001088601187
520,0.0423005,0.001079827758
521,0.042592,0.001071142856
522,0.0428835,0.001062545404
523,0.042982,0.001054034343
524,0.0430805,0.001045608627
525,0.043457,0.001037267226
526,0.0438335,0.001029009124
527,0.04413525,0.001020833321
528,0.044437,0.001012738828
529,0.0447205,0.001004724673
530,0.045004,0.000996789895
531,0.04547725,0.000988933549
532,0.0459505,0.0009811547
533,0.046284,0.00097345243
534,0.0466175,0.000965825831
535,0.047109,0.000958274008
536,0.0476005,0.000950796079
537,0.048069,0.000943391173
538,0.0485375,0.000936058434
539,0.04900425,0.000928797013
540,0.049471,0.000921606078
541,0.05010425,0.000914484804
542,0.0507375,0.00090743238
543,0.0513604625,0.000900448004
544,0.051983425,0.000893530887
545,0.0530577375,0.00088668025
546,0.05413205,0.000879895324
547,0.055134775,0.00087317535
548,0.0561375,0.000866519582
549,0.0571688,0.00085992728
550,0.0582001,0.000853397717
551,0.059098525,0.000846930174
552,0.05999695,0.000840523944
553,0.06063055,0.000834178327
554,0.06126415,0.000827892633
555,0.0616852,0.000821666182
556,0.06210625,0.000815498302
557,0.062596875,0.000809388331
558,0.0630875,0.000803335615
559,0.06356275,0.000797339508
560,0.064038,0.000791399374
561,0.0647045,0.000785514585
562,0.065371,0.00077968452
563,0.065686675,0.000773908568
564,0.06600235,0.000768186125
565,0.066719375,0.000762516595
566,0.0674364,0.00075689939
567,0.068352625,0.000751333928
568,0.06926885,0.000745819638
569,0.070418675,0.000740355952
570,0.0715685,0.000734942314
571,0.072894725,0.000729578172
572,0.07422095,0.000724262982
573,0.075833575,0.000718996206
574,0.0774462,0.000713777316
575,0.07950725,0.000708605787
576,0.0815683,0.000703481103
577,0.08392365,0.000698402754
578,0.086279,0.000693370236
579,0.089454,0.000688383053
580,0.092629,0.000683440713
581,0.0960375,0.000678542732
582,0.099446,0.000673688631
583,0.10389425,0.000668877938
584,0.1083425,0.000664110187
585,0.11313275,0.000659384917
586,0.117923,0.000654701672
587,0.12279125,0.000650060004
588,0.1276595,0.00064545947
589,0.13399125,0.000640899631
590,0.140323,0.000636380054
591,0.14676625,0.000631900313
592,0.1532095,0.000627459986
593,0.16082625,0.000623058656
594,0.168443,0.000618695912
595,0.177675,0.000614371347
596,0.186907,0.000610084559
597,0.196829,0.000605835153
598,0.206751,0.000601622736
599,0.22024275,0.000597446923
600,0.2337345,0.00059330733
601,0.2355095,0.000589203581
602,0.2372845,0.000585135302
603,0.24459675,0.000581102125
604,0.251909,0.000577103687
605,0.2557507,0.000573139628
606,0.2595924,0.000569209593
607,0.26162945,0.000565313231
608,0.2636665,0.000561450196
609,0.264651,0.000557620145
610,0.2656355,0.000553822741
611,0.26647025,0.000550057648
612,0.267305,0.000546324537
613,0.26807975,0.000542623081
614,0.2688545,0.000538952958
615,0.26952975,0.00053531385
616,0.270205,0.000531705441
617,0.27153925,0.000528127422
618,0.2728735,0.000524579483
619,0.27513875,0.000521061323
620,0.277404,0.000517572639
621,0.27910425,0.000514113137
622,0.2808045,0.000510682523
623,0.28235275,0.000507280507
624,0.283901,0.000503906803
625,0.28563275,0.000500561128
626,0.2873645,0.000497243202
627,0.2896995,0.00049395275
628,0.2920345,0.000490689498
629,0.2925995,0.000487453175
630,0.2931645,0.000484243516
631,0.2957995,0.000481060256
632,0.2984345,0.000477903135
633,0.30010625,0.000474771896
634,0.301778,0.000471666282
635,0.303288,0.000468586043
636,0.304798,0.00046553093
637,0.306963,0.000462500697
638,0.309128,0.000459495099
639,0.31051,0.000456513898
640,0.311892,0.000453556855
641,0.31566025,0.000450623736
642,0.3194285,0.000447714307
643,0.32207675,0.00044482834
644,0.324725,0.000441965607
645,0.3270385,0.000439125883
646,0.329352,0.000436308947
647,0.33255225,0.000433514579
648,0.3357525,0.000430742562
649,0.3382525,0.000427992682
650,0.3407525,0.000425264726
651,0.34668425,0.000422558485
652,0.352616,0.000419873751
653,0.35869835,0.000417210319
654,0.3647807,0.000414567985
655,0.371493925,0.000411946551
656,0.37820715,0.000409345816
657,0.385206325,0.000406765586
658,0.3922055,0.000404205665
659,0.4008385,0.000401665863
660,0.4094715,0.000399145989
661,0.41433845,0.000396645856
662,0.4192054,0.000394165277
663,0.423025075,0.000391704071
664,0.42684475,0.000389262054
665,0.429393625,0.000386839048
666,0.4319425,0.000384434875
667,0.434142925,0.000382049359
668,0.43634335,0.000379682327
669,0.437942925,0.000377333606
670,0.4395425,0.000375003027
671,0.44237485,0.000372690421
672,0.4452072,0.000370395623
673,0.446740275,0.000368118467
674,0.44827335,0.000365858792
675,0.45027,0.000363616435
676,0.45226665,0.000361391238
677,0.456365575,0.000359183043
678,0.4604645,0.000356991694
679,0.4622965,0.000354817038
680,0.4641285,0.00035265892
681,0.46826225,0.000350517192
682,0.472396,0.000348391703
683,0.4764595,0.000346282305
684,0.480523,0.000344188853
685,0.48495175,0.000342111201
686,0.4893805,0.000340049207
687,0.49451425,0.00033800273
688,0.499648,0.000335971628
689,0.5063785,0.000333955764
690,0.513109,0.000331955
691,0.5201745,0.000329969201
692,0.52724,0.000327998232
693,0.5359536275,0.000326041961
694,0.544667255,0.000324100255
695,0.5550137925,0.000322172986
696,0.56536033,0.000320260024
697,0.575990555,0.000318361241
698,0.58662078,0.000316476512
699,0.59665198,0.000314605713
700,0.60668318,0.000312748718
